<application>
  <component name="AppStorage">
    <histories>
      <item value="Spring Boot Servlet Initializer" />
      <item value="Please ensure that all modules from cycle" />
      <item value="1343131841351258000" />
      <item value="mapper" />
      <item value="restarted Main" />
      <item value="Request method 'POST' not supported" />
      <item value="pring.devtools.restart.enabled" />
      <item value="(deletion of the current branch prohibited" />
      <item value="Resource Server Config" />
      <item value="token Services" />
      <item value="access token" />
      <item value="用来配置客户端的详细信息" />
      <item value="access denied" />
      <item value="也就是这个端点谁能访问" />
      <item value="check Token Access" />
      <item value="redirect Uris" />
      <item value="Rest Template" />
      <item value="Repository" />
      <item value="values" />
      <item value="Not Null" />
      <item value="auto Mapping" />
      <item value="list" />
      <item value="roles" />
      <item value="authentication Entry Point" />
      <item value="不在使用默认登录页面" />
      <item value="Local Date Time" />
      <item value="ce 0 d 7 c 9 a-0 ae 8-4859-9 f 3 b-e 2 c 3 be 3 a 3900" />
      <item value="PERSIST" />
      <item value="target Entity" />
      <item value="account Non Expired" />
      <item value="is Credentials Non Expired" />
      <item value="is Account Non Expired" />
      <item value="secured Enabled" />
      <item value="pre Post Enabled" />
      <item value="down" />
    </histories>
    <option name="languageScores">
      <map>
        <entry key="CHINESE" value="29" />
        <entry key="ENGLISH" value="30" />
        <entry key="SLOVAK" value="1" />
        <entry key="HAWAIIAN" value="1" />
      </map>
    </option>
  </component>
  <component name="Cache">
    <option name="lastTrimTime" value="1609488118548" />
  </component>
</application>